Môn,Chủ đề/Chủ điểm,Bài,Tên bài học,Yêu cầu cần đạt
Khoa học,1. CHẤT,1,Thành phần và vai trò của đất đối với cây trồng,"- Quan sát và nêu được một số thành phần của đất (khoáng, mùn, không khí, nước, các sinh vật đất)."
Khoa học,1. CHẤT,1,Thành phần và vai trò của đất đối với cây trồng,"- Trình bày được vai trò của đất đối với cây trồng (giữ rễ, cung cấp nước, dinh dưỡng,...)."
Khoa học,1. CHẤT,2,"Ô nhiễm, xói mòn đất và bảo vệ môi trường đất","- Nêu được nguyên nhân, tác hại của ô nhiễm, xói mòn đất."
Khoa học,1. CHẤT,2,"Ô nhiễm, xói mòn đất và bảo vệ môi trường đất",- Đề xuất và thực hiện được một số việc làm cụ thể giúp bảo vệ môi trường đất tại gia đình và địa phương.
Khoa học,1. CHẤT,3,Hỗn hợp và dung dịch,- Thực hiện thí nghiệm để nhận biết và phân biệt được hỗn hợp và dung dịch.
Khoa học,1. CHẤT,3,Hỗn hợp và dung dịch,- Thực hiện được thí nghiệm tách chất (muối hoặc đường) ra khỏi dung dịch bằng cách phơi nắng hoặc đun nóng.
Khoa học,1. CHẤT,4,"Đặc điểm của chất ở trạng thái rắn, lỏng, khí. Sự biến đổi trạng thái của chất","- Nhận biết và nêu được đặc điểm về hình dạng, khả năng chịu nén của chất ở trạng thái rắn, lỏng, khí."
Khoa học,1. CHẤT,4,"Đặc điểm của chất ở trạng thái rắn, lỏng, khí. Sự biến đổi trạng thái của chất","- Trình bày được sự biến đổi trạng thái của chất: nóng chảy, đông đặc, bay hơi, ngưng tụ qua các hiện tượng thực tế."
Khoa học,1. CHẤT,5,Sự biến đổi hoá học của chất,- Phân biệt được sự biến đổi lí học (chỉ thay đổi trạng thái/hình dạng) và sự biến đổi hoá học (tạo ra chất mới) qua thí nghiệm đơn giản.
Khoa học,1. CHẤT,5,Sự biến đổi hoá học của chất,- Nêu được ví dụ về sự biến đổi hoá học dưới tác dụng của nhiệt và ánh sáng.
Khoa học,1. CHẤT,6,Ôn tập chủ đề Chất,- Hệ thống hoá các kiến thức đã học về chủ đề Chất.
Khoa học,1. CHẤT,6,Ôn tập chủ đề Chất,- Vận dụng kiến thức để giải thích một số hiện tượng đơn giản trong đời sống liên quan đến đất và sự biến đổi chất.
Khoa học,2. NĂNG LƯỢNG,7,Vai trò của năng lượng,"- Nêu được ví dụ chứng tỏ năng lượng cần thiết cho mọi hoạt động của con người, động vật, thực vật và máy móc."
Khoa học,2. NĂNG LƯỢNG,7,Vai trò của năng lượng,- Xác định được nguồn cung cấp năng lượng trong các hoạt động thông thường.
Khoa học,2. NĂNG LƯỢNG,8,Sử dụng năng lượng điện,"- Kể tên được các thiết bị, máy móc sử dụng điện năng."
Khoa học,2. NĂNG LƯỢNG,8,Sử dụng năng lượng điện,"- Nêu và thực hiện được các biện pháp sử dụng điện an toàn, tiết kiệm, phòng tránh tai nạn điện."
Khoa học,2. NĂNG LƯỢNG,9,Mạch điện đơn giản. Vật dẫn điện và vật cách điện,"- Lắp được một mạch điện thắp sáng đơn giản (pin, dây dẫn, bóng đèn)."
Khoa học,2. NĂNG LƯỢNG,9,Mạch điện đơn giản. Vật dẫn điện và vật cách điện,- Làm thí nghiệm phân biệt được vật dẫn điện và vật cách điện.
Khoa học,2. NĂNG LƯỢNG,9,Mạch điện đơn giản. Vật dẫn điện và vật cách điện,- Giải thích được sơ lược nguyên nhân bóng đèn không sáng trong mạch điện.
Khoa học,2. NĂNG LƯỢNG,10,Năng lượng chất đốt,"- Kể tên các loại chất đốt thường dùng (rắn, lỏng, khí)."
Khoa học,2. NĂNG LƯỢNG,10,Năng lượng chất đốt,"- Nêu được cách sử dụng an toàn, tiết kiệm chất đốt và biện pháp phòng chống cháy nổ, ô nhiễm môi trường."
Khoa học,2. NĂNG LƯỢNG,11,"Sử dụng năng lượng mặt trời, năng lượng gió, năng lượng nước chảy","- Trình bày được ứng dụng của năng lượng mặt trời, gió, nước chảy (chiếu sáng, sưởi ấm, làm lạnh, phát điện...)."
Khoa học,2. NĂNG LƯỢNG,11,"Sử dụng năng lượng mặt trời, năng lượng gió, năng lượng nước chảy","- Có ý thức ưu tiên sử dụng năng lượng sạch, năng lượng tái tạo."
Khoa học,2. NĂNG LƯỢNG,12,Ôn tập chủ đề Năng lượng,"- Củng cố kiến thức về năng lượng điện, chất đốt, năng lượng tự nhiên."
Khoa học,2. NĂNG LƯỢNG,12,Ôn tập chủ đề Năng lượng,- Xử lý các tình huống thực tiễn liên quan đến sử dụng năng lượng hiệu quả.
Khoa học,3. THỰC VẬT VÀ ĐỘNG VẬT,13,Sinh sản của thực vật có hoa,"- Chỉ và nói tên được các bộ phận của cơ quan sinh sản (nhị, nhụy) trên tranh vẽ hoặc hoa thật."
Khoa học,3. THỰC VẬT VÀ ĐỘNG VẬT,13,Sinh sản của thực vật có hoa,- Phân biệt được hoa đơn tính và hoa lưỡng tính.
Khoa học,3. THỰC VẬT VÀ ĐỘNG VẬT,13,Sinh sản của thực vật có hoa,"- Kể lại được quá trình thụ phấn, thụ tinh và sự hình thành hạt, quả."
Khoa học,3. THỰC VẬT VÀ ĐỘNG VẬT,14,Sự phát triển của cây con,- Quan sát và mô tả được quá trình phát triển của cây con từ hạt.
Khoa học,3. THỰC VẬT VÀ ĐỘNG VẬT,14,Sự phát triển của cây con,"- Kể tên được một số loại cây con có thể mọc lên từ thân, rễ hoặc lá của cây mẹ."
Khoa học,3. THỰC VẬT VÀ ĐỘNG VẬT,15,Sinh sản của động vật,- Phân biệt được động vật đẻ trứng và động vật đẻ con thông qua các ví dụ minh họa.
Khoa học,3. THỰC VẬT VÀ ĐỘNG VẬT,15,Sinh sản của động vật,- Nêu được tầm quan trọng của sự sinh sản đối với việc duy trì nòi giống.
Khoa học,3. THỰC VẬT VÀ ĐỘNG VẬT (Tiếp),16,Vòng đời và sự phát triển của động vật,"- Vẽ hoặc viết sơ đồ vòng đời của một số động vật phổ biến (bướm, ếch, chó/mèo...)."
Khoa học,3. THỰC VẬT VÀ ĐỘNG VẬT (Tiếp),16,Vòng đời và sự phát triển của động vật,- So sánh và rút ra nhận xét về sự khác nhau trong vòng đời của động vật đẻ trứng (biến thái hoàn toàn/không hoàn toàn) và động vật đẻ con.
Khoa học,3. THỰC VẬT VÀ ĐỘNG VẬT (Tiếp),17,Ôn tập chủ đề Thực vật và động vật,- Hệ thống hoá kiến thức về sự sinh sản và vòng đời của sinh vật.
Khoa học,3. THỰC VẬT VÀ ĐỘNG VẬT (Tiếp),17,Ôn tập chủ đề Thực vật và động vật,"- Vận dụng kiến thức để thực hiện các hành động chăm sóc, bảo vệ cây trồng và vật nuôi."
Khoa học,4. VI KHUẨN,18,Vi khuẩn xung quanh chúng ta,"- Nhận biết vi khuẩn là sinh vật có kích thước rất nhỏ, chỉ quan sát được bằng kính hiển vi."
Khoa học,4. VI KHUẨN,18,Vi khuẩn xung quanh chúng ta,"- Nêu được sự phân bố rộng rãi của vi khuẩn trong tự nhiên (đất, nước, không khí, cơ thể sinh vật...)."
Khoa học,4. VI KHUẨN,19,Vi khuẩn có ích trong chế biến thực phẩm,"- Nêu được vai trò của vi khuẩn có ích trong chế biến một số thực phẩm (lên men sữa chua, dưa cà muối, nước mắm,...)."
Khoa học,4. VI KHUẨN,19,Vi khuẩn có ích trong chế biến thực phẩm,- Thực hành làm món ăn đơn giản có ứng dụng vi khuẩn (nếu điều kiện cho phép).
Khoa học,4. VI KHUẨN,20,Vi khuẩn gây bệnh ở người và cách phòng tránh,"- Kể tên một số bệnh phổ biến do vi khuẩn gây ra (tả, lị, thương hàn, lao,...)."
Khoa học,4. VI KHUẨN,20,Vi khuẩn gây bệnh ở người và cách phòng tránh,- Nêu con đường lây truyền và thực hiện được các biện pháp vệ sinh phòng tránh bệnh do vi khuẩn.
Khoa học,4. VI KHUẨN,21,Ôn tập chủ đề Vi khuẩn,- Phân biệt được lợi ích và tác hại của vi khuẩn.
Khoa học,4. VI KHUẨN,21,Ôn tập chủ đề Vi khuẩn,"- Hình thành thói quen vệ sinh ăn uống, vệ sinh cá nhân để phòng bệnh."
Khoa học,5. CON NGƯỜI VÀ SỨC KHOẺ,22,Sự hình thành cơ thể người,- Nhận biết cơ thể người được hình thành từ sự kết hợp giữa trứng (của mẹ) và tinh trùng (của bố).
Khoa học,5. CON NGƯỜI VÀ SỨC KHOẺ,22,Sự hình thành cơ thể người,"- Bồi dưỡng tình cảm gia đình, biết ơn cha mẹ, trân trọng sự sống."
Khoa học,5. CON NGƯỜI VÀ SỨC KHOẺ,23,Các giai đoạn phát triển chính của con người,"- Nêu được các giai đoạn phát triển: Dưới 3 tuổi, 3-6 tuổi, 6-10 tuổi, tuổi dậy thì, tuổi trưởng thành, tuổi già."
Khoa học,5. CON NGƯỜI VÀ SỨC KHOẺ,23,Các giai đoạn phát triển chính của con người,- Nhận biết sự thay đổi cơ bản về sinh học và xã hội ở từng giai đoạn.
Khoa học,5. CON NGƯỜI VÀ SỨC KHOẺ,24,Nam và nữ,"- Phân biệt được đặc điểm sinh học cơ bản và đặc điểm xã hội (vai trò, ứng xử) giữa nam và nữ."
Khoa học,5. CON NGƯỜI VÀ SỨC KHOẺ,24,Nam và nữ,- Có thái độ tôn trọng sự khác biệt và ủng hộ bình đẳng giới trong mọi hoạt động.
Khoa học,5. CON NGƯỜI VÀ SỨC KHOẺ,25,Chăm sóc sức khoẻ tuổi dậy thì,"- Nêu được những thay đổi về thể chất, tâm sinh lí ở tuổi dậy thì."
Khoa học,5. CON NGƯỜI VÀ SỨC KHOẺ,25,Chăm sóc sức khoẻ tuổi dậy thì,"- Thực hiện được các việc làm để giữ vệ sinh cơ thể, ăn uống đủ chất, nghỉ ngơi và vận động hợp lí ở tuổi dậy thì."
Khoa học,5. CON NGƯỜI VÀ SỨC KHOẺ,26,Phòng tránh bị xâm hại,- Nhận diện được các nguy cơ và hành vi xâm hại thân thể.
Khoa học,5. CON NGƯỜI VÀ SỨC KHOẺ,26,Phòng tránh bị xâm hại,"- Có kĩ năng phòng tránh, ứng phó và tìm kiếm sự hỗ trợ tin cậy khi có nguy cơ bị xâm hại."
Khoa học,5. CON NGƯỜI VÀ SỨC KHOẺ,27,Ôn tập chủ đề Con người và sức khoẻ,- Củng cố kiến thức về sự phát triển của con người và chăm sóc sức khoẻ sinh sản vị thành niên.
Khoa học,5. CON NGƯỜI VÀ SỨC KHOẺ,27,Ôn tập chủ đề Con người và sức khoẻ,- Xử lí tình huống liên quan đến vệ sinh cá nhân và an toàn bản thân.
Khoa học,6. SINH VẬT VÀ MÔI TRƯỜNG,28,Chức năng của môi trường đối với sinh vật,"- Nêu được các chức năng cơ bản của môi trường: cung cấp không gian sống, thức ăn, nước uống, nơi chứa chất thải..."
Khoa học,6. SINH VẬT VÀ MÔI TRƯỜNG,28,Chức năng của môi trường đối với sinh vật,- Trình bày được sự phụ thuộc thiết yếu của con người và sinh vật vào môi trường.
Khoa học,6. SINH VẬT VÀ MÔI TRƯỜNG,29,Tác động của con người và một số biện pháp bảo vệ môi trường,- Phân tích được tác động tích cực và tiêu cực của con người đối với môi trường sống.
Khoa học,6. SINH VẬT VÀ MÔI TRƯỜNG,29,Tác động của con người và một số biện pháp bảo vệ môi trường,"- Đề xuất và thực hiện được các việc làm thiết thực để bảo vệ môi trường (trồng cây, phân loại rác, tiết kiệm tài nguyên...)."
Khoa học,6. SINH VẬT VÀ MÔI TRƯỜNG,30,Ôn tập chủ đề Sinh vật và môi trường,- Tổng kết kiến thức về mối quan hệ giữa sinh vật và môi trường.
Khoa học,6. SINH VẬT VÀ MÔI TRƯỜNG,30,Ôn tập chủ đề Sinh vật và môi trường,- Cam kết và lan toả các hành động bảo vệ môi trường xanh - sạch - đẹp.
LSĐL,1. Đất nước và con người VN,1,"Vị trí địa lí, lãnh thổ, đơn vị hành chính, Quốc kì, Quốc huy, Quốc ca","- Xác định được vị trí địa lí, phạm vi lãnh thổ, phần đất liền, các đảo, quần đảo và biển của Việt Nam trên bản đồ/lược đồ."
LSĐL,1. Đất nước và con người VN,1,"Vị trí địa lí, lãnh thổ, đơn vị hành chính, Quốc kì, Quốc huy, Quốc ca","- Nêu được ý nghĩa của Quốc kì, Quốc huy, Quốc ca nước CHXHCN Việt Nam."
LSĐL,1. Đất nước và con người VN,2,Thiên nhiên Việt Nam,"- Trình bày được một số đặc điểm chính của địa hình, khoáng sản, khí hậu, sông ngòi, đất và rừng Việt Nam."
LSĐL,1. Đất nước và con người VN,2,Thiên nhiên Việt Nam,- Nêu được vai trò của tài nguyên thiên nhiên đối với sự phát triển kinh tế và đời sống.
LSĐL,1. Đất nước và con người VN,3,"Biển, đảo Việt Nam","- Xác định được vị trí của vùng biển Việt Nam, hai quần đảo Hoàng Sa và Trường Sa trên bản đồ."
LSĐL,1. Đất nước và con người VN,3,"Biển, đảo Việt Nam",- Trình bày được một số thành tựu kinh tế biển và ý nghĩa của việc bảo vệ chủ quyền biển đảo.
LSĐL,1. Đất nước và con người VN,4,Dân cư và dân tộc ở Việt Nam,- Nêu được số dân và đặc điểm phân bố dân cư ở Việt Nam (sử dụng bản đồ mật độ dân số).
LSĐL,1. Đất nước và con người VN,4,Dân cư và dân tộc ở Việt Nam,"- Kể tên được một số dân tộc (Kinh, Tày, Thái, Mường, Ê-đê, Khơ-me,...) và tôn trọng sự đa dạng văn hóa."
LSĐL,2. Những quốc gia đầu tiên,5,"Nhà nước Văn Lang, Nhà nước Âu Lạc","- Nêu được thời gian ra đời, kinh đô và tên nước của thời Hùng Vương - An Dương Vương."
LSĐL,2. Những quốc gia đầu tiên,5,"Nhà nước Văn Lang, Nhà nước Âu Lạc","- Mô tả sơ lược đời sống vật chất và tinh thần của cư dân Văn Lang - Âu Lạc (trống đồng Đông Sơn, thành Cổ Loa)."
LSĐL,2. Những quốc gia đầu tiên,6,Vương quốc Phù Nam,- Xác định được phạm vi lãnh thổ của Vương quốc Phù Nam trên lược đồ.
LSĐL,2. Những quốc gia đầu tiên,6,Vương quốc Phù Nam,- Mô tả được một số nét chính về văn hóa (văn hóa Óc Eo) và hoạt động kinh tế của Phù Nam.
LSĐL,2. Những quốc gia đầu tiên,7,Vương quốc Chăm-pa,- Xác định được vị trí địa lí của Vương quốc Chăm-pa xưa.
LSĐL,2. Những quốc gia đầu tiên,7,Vương quốc Chăm-pa,- Mô tả được một số công trình kiến trúc tiêu biểu (thánh địa Mỹ Sơn) và đời sống văn hóa đặc sắc của người Chăm.
LSĐL,3. Xây dựng và bảo vệ đất nước,8,Đấu tranh giành độc lập thời kì Bắc thuộc,"- Kể lại được một số cuộc khởi nghĩa tiêu biểu (Hai Bà Trưng, Bà Triệu, Lý Bí, Mai Thúc Loan, Phùng Hưng)."
LSĐL,3. Xây dựng và bảo vệ đất nước,8,Đấu tranh giành độc lập thời kì Bắc thuộc,- Trình bày được ý nghĩa chiến thắng Bạch Đằng năm 938 của Ngô Quyền.
LSĐL,3. Xây dựng và bảo vệ đất nước,9,Triều Lý và việc định đô ở Thăng Long,- Nêu được sự kiện Lý Công Uẩn dời đô ra Thăng Long và đặt tên nước là Đại Việt.
LSĐL,3. Xây dựng và bảo vệ đất nước,9,Triều Lý và việc định đô ở Thăng Long,- Đánh giá được vai trò của Kinh đô Thăng Long đối với sự phát triển của đất nước.
LSĐL,3. Xây dựng và bảo vệ đất nước,10,Triều Trần xây dựng đất nước và kháng chiến chống quân Mông - Nguyên,"- Trình bày được những nét chính về tình hình kinh tế, xã hội thời Trần (đắp đê, Hội nghị Diên Hồng)."
LSĐL,3. Xây dựng và bảo vệ đất nước,10,Triều Trần xây dựng đất nước và kháng chiến chống quân Mông - Nguyên,- Kể lại được diễn biến sơ lược và ý nghĩa của ba lần kháng chiến chống quân xâm lược Mông - Nguyên.
LSĐL,3. Xây dựng và bảo vệ đất nước,11,Khởi nghĩa Lam Sơn và Triều Hậu Lê,"- Kể lại được một số sự kiện tiêu biểu của khởi nghĩa Lam Sơn (Hội thề Lũng Nhai, chiến thắng Chi Lăng - Xương Giang)."
LSĐL,3. Xây dựng và bảo vệ đất nước,11,Khởi nghĩa Lam Sơn và Triều Hậu Lê,"- Nêu được những đóng góp của Lê Lợi, Nguyễn Trãi và những nét chính về văn hóa, giáo dục, luật pháp thời Hậu Lê (Bộ luật Hồng Đức)."
LSĐL,3. Xây dựng và bảo vệ đất nước,12,Triều Nguyễn,- Nêu được quá trình thống nhất đất nước của nhà Nguyễn.
LSĐL,3. Xây dựng và bảo vệ đất nước,12,Triều Nguyễn,- Mô tả được vẻ đẹp và giá trị của quần thể di tích Cố đô Huế (được UNESCO công nhận).
LSĐL,3. Xây dựng và bảo vệ đất nước,-,Ôn tập học kì 1,- Hệ thống hóa kiến thức về địa lí Việt Nam và lịch sử Việt Nam từ nguồn gốc đến hết triều Nguyễn.
LSĐL,3. Xây dựng và bảo vệ đất nước,-,Ôn tập học kì 1,"- Rèn luyện kĩ năng sử dụng bản đồ, lược đồ và tranh ảnh lịch sử."
LSĐL,3. Xây dựng... (Tiếp),13,Cách mạng tháng Tám năm 1945,- Tường thuật lại được sự kiện Bác Hồ đọc Tuyên ngôn Độc lập tại Quảng trường Ba Đình.
LSĐL,3. Xây dựng... (Tiếp),13,Cách mạng tháng Tám năm 1945,- Nêu được ý nghĩa lịch sử của Cách mạng tháng Tám năm 1945.
LSĐL,3. Xây dựng... (Tiếp),14,Chiến dịch Điện Biên Phủ năm 1954,"- Trình bày được diễn biến chính và ý nghĩa của chiến thắng Điện Biên Phủ ""lừng lẫy năm châu, chấn động địa cầu""."
LSĐL,3. Xây dựng... (Tiếp),14,Chiến dịch Điện Biên Phủ năm 1954,"- Kể chuyện về các tấm gương anh hùng (Phan Đình Giót, Tô Vĩnh Diện,...)."
LSĐL,3. Xây dựng... (Tiếp),15,Chiến dịch Hồ Chí Minh năm 1975,- Kể lại được sự kiện xe tăng quân giải phóng tiến vào Dinh Độc Lập ngày 30/4/1975.
LSĐL,3. Xây dựng... (Tiếp),15,Chiến dịch Hồ Chí Minh năm 1975,"- Nêu được ý nghĩa của Đại thắng mùa Xuân năm 1975: Đất nước thống nhất, non sông thu về một mối."
LSĐL,3. Xây dựng... (Tiếp),16,Đất nước Đổi mới,"- Nêu được một số thành tựu tiêu biểu của công cuộc Đổi mới (kinh tế, văn hóa, xã hội, giáo dục...)."
LSĐL,3. Xây dựng... (Tiếp),16,Đất nước Đổi mới,"- Nhận xét được sự thay đổi của quê hương, đất nước từ khi đổi mới đến nay."
LSĐL,4. Các nước láng giềng,18,Vương quốc Cam-pu-chia,"- Xác định được vị trí địa lí, thủ đô của Cam-pu-chia trên bản đồ."
LSĐL,4. Các nước láng giềng,18,Vương quốc Cam-pu-chia,- Mô tả được vẻ đẹp của công trình kiến trúc Ăng-co Vát (Angkor Wat) và Biển Hồ.
LSĐL,4. Các nước láng giềng,19,Cộng hòa Dân chủ Nhân dân Lào,"- Xác định được vị trí địa lí, thủ đô của Lào trên bản đồ."
LSĐL,4. Các nước láng giềng,19,Cộng hòa Dân chủ Nhân dân Lào,"- Nêu được một số nét văn hóa đặc sắc (lễ hội té nước, Thạt Luổng) và quan hệ hữu nghị Việt - Lào."
LSĐL,4. Các nước láng giềng,20,Cộng hòa Nhân dân Trung Hoa,"- Xác định được vị trí, thủ đô, quy mô dân số của Trung Quốc."
LSĐL,4. Các nước láng giềng,20,Cộng hòa Nhân dân Trung Hoa,"- Kể tên được một số thành tựu văn minh (Vạn Lý Trường Thành, Gốm sứ...) và cảnh quan thiên nhiên nổi tiếng."
LSĐL,4. Các nước láng giềng,21,Hiệp hội các quốc gia Đông Nam Á (ASEAN),- Kể tên được các thành viên của ASEAN.
LSĐL,4. Các nước láng giềng,21,Hiệp hội các quốc gia Đông Nam Á (ASEAN),"- Nêu được một số hoạt động hợp tác cơ bản của ASEAN (kinh tế, văn hóa, thể thao - SEA Games)."
LSĐL,5. Tìm hiểu thế giới,22,Các châu lục và đại dương trên thế giới,- Xác định được vị trí của 6 châu lục và 4 đại dương trên quả địa cầu hoặc bản đồ thế giới.
LSĐL,5. Tìm hiểu thế giới,22,Các châu lục và đại dương trên thế giới,- So sánh sơ lược diện tích của các châu lục và đại dương.
LSĐL,5. Tìm hiểu thế giới,23,Dân số và các chủng tộc chính trên thế giới,- Nêu được quy mô dân số thế giới và sự phân bố dân cư không đều giữa các châu lục.
LSĐL,5. Tìm hiểu thế giới,23,Dân số và các chủng tộc chính trên thế giới,"- Nhận biết được đặc điểm ngoại hình cơ bản của ba chủng tộc chính (Môn-gô-lô-it, Ơ-rô-pê-ô-it, Nê-grô-it)."
LSĐL,5. Tìm hiểu thế giới,24,Văn minh Ai Cập,- Xác định được vị trí của Ai Cập cổ đại (lưu vực sông Nin).
LSĐL,5. Tìm hiểu thế giới,24,Văn minh Ai Cập,"- Mô tả được các thành tựu tiêu biểu: Kim tự tháp, tượng Nhân sư, chữ tượng hình."
LSĐL,5. Tìm hiểu thế giới,25,Văn minh Hy Lạp,"- Nêu được những đóng góp của văn minh Hy Lạp cổ đại (Thế vận hội Olympic, đền Pác-tê-nông, kịch, triết học...)."
LSĐL,6. Chung tay xây dựng thế giới,26,Xây dựng thế giới xanh - sạch - đẹp,- Nêu được thực trạng môi trường thế giới hiện nay.
LSĐL,6. Chung tay xây dựng thế giới,26,Xây dựng thế giới xanh - sạch - đẹp,"- Đề xuất và thực hiện các hành động bảo vệ môi trường, ứng phó biến đổi khí hậu."
LSĐL,6. Chung tay xây dựng thế giới,27,Xây dựng thế giới hoà bình,- Trình bày được hậu quả của chiến tranh và giá trị của hòa bình.
LSĐL,6. Chung tay xây dựng thế giới,27,Xây dựng thế giới hoà bình,"- Biết thể hiện tinh thần đoàn kết, hữu nghị với bạn bè quốc tế."
LSĐL,6. Chung tay xây dựng thế giới,-,Ôn tập cuối năm,- Hệ thống hóa toàn bộ kiến thức đã học trong chương trình.
LSĐL,6. Chung tay xây dựng thế giới,-,Ôn tập cuối năm,- Tự hào về truyền thống lịch sử dân tộc và có ý thức hội nhập quốc tế.
Toán,1. Ôn tập và bổ sung,1,Ôn tập số tự nhiên,"- Đọc, viết, so sánh, xếp thứ tự được các số tự nhiên (số lớn)."
Toán,1. Ôn tập và bổ sung,1,Ôn tập số tự nhiên,"- Làm tròn số tự nhiên đến hàng trăm nghìn, hàng triệu."
Toán,1. Ôn tập và bổ sung,2,Ôn tập các phép tính với số tự nhiên,"- Thực hiện thành thạo phép cộng, trừ, nhân, chia số tự nhiên."
Toán,1. Ôn tập và bổ sung,2,Ôn tập các phép tính với số tự nhiên,"- Vận dụng tính chất giao hoán, kết hợp để tính nhẩm, tính thuận tiện."
Toán,1. Ôn tập và bổ sung,3,Ôn tập phân số,"- Rút gọn, quy đồng mẫu số, so sánh, sắp xếp thứ tự các phân số."
Toán,1. Ôn tập và bổ sung,3,Ôn tập phân số,- Chuyển đổi hỗn số thành phân số và ngược lại.
Toán,1. Ôn tập và bổ sung,4,Phân số thập phân,"- Nhận biết phân số thập phân (mẫu số là 10, 100, 1000...)."
Toán,1. Ôn tập và bổ sung,4,Phân số thập phân,- Chuyển đổi một số phân số thành phân số thập phân.
Toán,1. Ôn tập và bổ sung,5,Ôn tập các phép tính với phân số,"- Thực hiện được cộng, trừ, nhân, chia hai phân số."
Toán,1. Ôn tập và bổ sung,5,Ôn tập các phép tính với phân số,- Giải quyết bài toán thực tế liên quan đến phân số.
Toán,1. Ôn tập và bổ sung,6,"Cộng, trừ hai phân số khác mẫu số","- Thực hiện thành thạo quy đồng mẫu số để cộng, trừ phân số khác mẫu."
Toán,1. Ôn tập và bổ sung,7,Hỗn số,- Nhận biết hỗn số (phần nguyên và phần phân số).
Toán,1. Ôn tập và bổ sung,7,Hỗn số,"- Biết đọc, viết và chuyển đổi hỗn số."
Toán,1. Ôn tập và bổ sung,8,Ôn tập hình học và đo lường,"- Chuyển đổi được các đơn vị đo độ dài, khối lượng."
Toán,1. Ôn tập và bổ sung,8,Ôn tập hình học và đo lường,"- Tính được chu vi, diện tích hình chữ nhật, hình vuông."
Toán,1. Ôn tập và bổ sung,9,Luyện tập chung,"- Củng cố tổng hợp kiến thức về số tự nhiên, phân số và đo lường."
Toán,2. Số thập phân,10,Khái niệm số thập phân,"- Nhận biết khái niệm số thập phân, cấu tạo số thập phân (phần nguyên, phần thập phân, hàng)."
Toán,2. Số thập phân,10,Khái niệm số thập phân,"- Đọc, viết được số thập phân."
Toán,2. Số thập phân,11,So sánh các số thập phân,"- Biết cách so sánh hai số thập phân (so sánh phần nguyên, rồi đến từng hàng phần thập phân)."
Toán,2. Số thập phân,11,So sánh các số thập phân,- Sắp xếp các số thập phân theo thứ tự.
Toán,2. Số thập phân,12,Viết số đo đại lượng dưới dạng số thập phân,"- Chuyển đổi đơn vị đo độ dài, khối lượng, diện tích sang dạng số thập phân."
Toán,2. Số thập phân,13,Làm tròn số thập phân,"- Biết làm tròn số thập phân đến số tự nhiên, đến hàng phần mười, hàng phần trăm."
Toán,2. Số thập phân,14,Luyện tập chung,"- Củng cố kĩ năng đọc, viết, so sánh và làm tròn số thập phân."
Toán,3. Một số đơn vị đo diện tích,15,Ki-lô-mét vuông. Héc-ta,- Có biểu tượng về đơn vị ki-lô-mét vuông ($km^2$) và héc-ta ($ha$).
Toán,3. Một số đơn vị đo diện tích,15,Ki-lô-mét vuông. Héc-ta,"- Chuyển đổi được giữa $m^2$, $km^2$ và $ha$."
Toán,3. Một số đơn vị đo diện tích,16,Các đơn vị đo diện tích,- Hệ thống hoá bảng đơn vị đo diện tích.
Toán,3. Một số đơn vị đo diện tích,16,Các đơn vị đo diện tích,- Thực hiện chuyển đổi các đơn vị đo diện tích phức tạp.
Toán,3. Một số đơn vị đo diện tích,17,Thực hành và trải nghiệm với một số đơn vị đo đại lượng,"- Ước lượng diện tích trong thực tế (sân trường, thửa ruộng...)."
Toán,3. Một số đơn vị đo diện tích,18,Luyện tập chung,- Giải bài toán thực tế liên quan đến diện tích đất đai.
Toán,4. Các phép tính với số thập phân,19,Phép cộng số thập phân,- Biết đặt tính và thực hiện phép cộng các số thập phân.
Toán,4. Các phép tính với số thập phân,19,Phép cộng số thập phân,"- Vận dụng tính chất giao hoán, kết hợp của phép cộng."
Toán,4. Các phép tính với số thập phân,20,Phép trừ số thập phân,- Biết đặt tính và thực hiện phép trừ các số thập phân.
Toán,4. Các phép tính với số thập phân,20,Phép trừ số thập phân,"- Tìm thành phần chưa biết trong phép cộng, trừ."
Toán,4. Các phép tính với số thập phân,21,Phép nhân số thập phân,- Thực hiện nhân số thập phân với số tự nhiên; nhân hai số thập phân.
Toán,4. Các phép tính với số thập phân,21,Phép nhân số thập phân,- Nắm được quy tắc đếm chữ số ở phần thập phân để đặt dấu phẩy ở tích.
Toán,4. Các phép tính với số thập phân,22,Phép chia số thập phân,- Thực hiện chia số thập phân cho số tự nhiên; chia số tự nhiên cho số tự nhiên thương là số thập phân; chia hai số thập phân.
Toán,4. Các phép tính với số thập phân,23,"Nhân, chia số thập phân với 10; 100;... hoặc với 0,1; 0,01;...",- Thực hiện tính nhẩm nhanh bằng cách dời dấu phẩy sang trái hoặc phải.
Toán,4. Các phép tính với số thập phân,24,Luyện tập chung,- Vận dụng 4 phép tính với số thập phân để giải toán có lời văn.
Toán,5. Một số hình phẳng,25,Hình tam giác. Diện tích hình tam giác,"- Nhận biết đặc điểm hình tam giác (đáy, đường cao)."
Toán,5. Một số hình phẳng,25,Hình tam giác. Diện tích hình tam giác,- Vận dụng công thức tính diện tích hình tam giác: $S = \frac{a \times h}{2}$.
Toán,5. Một số hình phẳng,26,Hình thang. Diện tích hình thang,- Nhận biết đặc điểm hình thang.
Toán,5. Một số hình phẳng,26,Hình thang. Diện tích hình thang,- Vận dụng công thức tính diện tích hình thang: $S = \frac{(a+b) \times h}{2}$.
Toán,5. Một số hình phẳng,27,Đường tròn. Chu vi và diện tích hình tròn,"- Nhận biết đường tròn, hình tròn, bán kính, đường kính."
Toán,5. Một số hình phẳng,27,Đường tròn. Chu vi và diện tích hình tròn,"- Tính chu vi ($C = d \times 3,14$) và diện tích hình tròn ($S = r \times r \times 3,14$)."
Toán,5. Một số hình phẳng,28,"Thực hành và trải nghiệm đo, vẽ, lắp ghép, tạo hình","- Vẽ được hình tròn, tam giác."
Toán,5. Một số hình phẳng,28,"Thực hành và trải nghiệm đo, vẽ, lắp ghép, tạo hình",- Sáng tạo hình từ các mảnh ghép hình học.
Toán,5. Một số hình phẳng,29,Luyện tập chung,"- Giải các bài toán tổng hợp về chu vi, diện tích các hình phẳng đã học."
Toán,6. Ôn tập học kì 1,30,Ôn tập số thập phân,- Hệ thống hoá kiến thức về số thập phân.
Toán,6. Ôn tập học kì 1,31,Ôn tập các phép tính với số thập phân,"- Rèn kĩ năng tính toán cộng, trừ, nhân, chia số thập phân chính xác."
Toán,6. Ôn tập học kì 1,32,Ôn tập một số hình phẳng,"- Củng cố đặc điểm hình học của tam giác, hình thang, hình tròn."
Toán,6. Ôn tập học kì 1,33,"Ôn tập diện tích, chu vi một số hình phẳng","- Luyện tập tính toán chu vi, diện tích trong các tình huống đa dạng."
Toán,6. Ôn tập học kì 1,34,Ôn tập đo lường,- Củng cố chuyển đổi đơn vị đo lường.
Toán,6. Ôn tập học kì 1,35,Ôn tập chung,- Đánh giá tổng quát năng lực toán học cuối học kì 1.
Toán,7. Tỉ số và các bài toán liên quan,36,Tỉ số,- Hiểu khái niệm tỉ số của hai số.
Toán,7. Tỉ số và các bài toán liên quan,36,Tỉ số,- Biết viết tỉ số và vận dụng vào bài toán thực tế.
Toán,7. Tỉ số và các bài toán liên quan,37,Tỉ lệ bản đồ và ứng dụng,"- Hiểu ý nghĩa tỉ lệ bản đồ (1:1000, 1:10000...)."
Toán,7. Tỉ số và các bài toán liên quan,37,Tỉ lệ bản đồ và ứng dụng,- Tính độ dài thật dựa vào độ dài trên bản đồ và ngược lại.
Toán,7. Tỉ số và các bài toán liên quan,38,Tìm hai số khi biết tổng và tỉ số của hai số đó,"- Giải bài toán ""Tổng - Tỉ"" (vẽ sơ đồ đoạn thẳng)."
Toán,7. Tỉ số và các bài toán liên quan,39,Tìm hai số khi biết hiệu và tỉ số của hai số đó,"- Giải bài toán ""Hiệu - Tỉ"" (vẽ sơ đồ đoạn thẳng)."
Toán,7. Tỉ số và các bài toán liên quan,40,Tìm tỉ số phần trăm của hai số,"- Biết cách tìm tỉ số phần trăm của hai số (Ví dụ: 3 : 4 = 0,75 = 75%)."
Toán,7. Tỉ số và các bài toán liên quan,41,Tìm giá trị phần trăm của một số,- Giải bài toán tìm giá trị của một tỉ số phần trăm cho trước.
Toán,7. Tỉ số và các bài toán liên quan,41,Tìm giá trị phần trăm của một số,- Giải bài toán tìm một số khi biết giá trị phần trăm của số đó.
Toán,7. Tỉ số và các bài toán liên quan,42,Máy tính cầm tay,- Biết sử dụng máy tính cầm tay để thực hiện các phép tính cơ bản và tính tỉ số phần trăm.
Toán,7. Tỉ số và các bài toán liên quan,43,Thực hành và trải nghiệm sử dụng máy tính cầm tay,"- Vận dụng máy tính cầm tay giải quyết các bài toán tính toán phức tạp, thực tế."
Toán,7. Tỉ số và các bài toán liên quan,44,Luyện tập chung,- Củng cố kĩ năng giải toán về tỉ số và tỉ số phần trăm.
Toán,8. Thể tích,45,Thể tích của một hình,- Có biểu tượng về thể tích (khoảng không gian mà vật chiếm chỗ).
Toán,8. Thể tích,45,Thể tích của một hình,- So sánh thể tích các vật đơn giản.
Toán,8. Thể tích,46,Xăng-ti-mét khối. Đề-xi-mét khối,"- Nhận biết đơn vị $cm^3$, $dm^3$."
Toán,8. Thể tích,46,Xăng-ti-mét khối. Đề-xi-mét khối,- Mối quan hệ giữa $cm^3$ và $dm^3$.
Toán,8. Thể tích,47,Mét khối,- Nhận biết đơn vị $m^3$.
Toán,8. Thể tích,47,Mét khối,"- Chuyển đổi giữa các đơn vị đo thể tích ($m^3$, $dm^3$, $cm^3$)."
Toán,8. Thể tích,48,Luyện tập chung,- Thực hành chuyển đổi đơn vị và so sánh thể tích.
Toán,9. Diện tích và thể tích hình khối,49,"Hình khai triển của hình lập phương, hình hộp chữ nhật và hình trụ",- Nhận biết hình khai triển (trải phẳng) của các hình khối cơ bản.
Toán,9. Diện tích và thể tích hình khối,49,"Hình khai triển của hình lập phương, hình hộp chữ nhật và hình trụ","- Nhận biết hình trụ (đáy, mặt xung quanh)."
Toán,9. Diện tích và thể tích hình khối,50,Diện tích xung quanh và diện tích toàn phần của hình hộp chữ nhật,- Vận dụng công thức tính diện tích xung quanh và toàn phần của hình hộp chữ nhật.
Toán,9. Diện tích và thể tích hình khối,51,Diện tích xung quanh và diện tích toàn phần của hình lập phương,- Vận dụng công thức tính diện tích xung quanh và toàn phần của hình lập phương.
Toán,9. Diện tích và thể tích hình khối,52,Thể tích của hình hộp chữ nhật,- Vận dụng công thức tính thể tích HHCN: $V = a \times b \times c$.
Toán,9. Diện tích và thể tích hình khối,53,Thể tích của hình lập phương,- Vận dụng công thức tính thể tích HLP: $V = a \times a \times a$.
Toán,9. Diện tích và thể tích hình khối,54,Thực hành tính toán và ước lượng thể tích một số hình khối,"- Vận dụng kiến thức giải quyết bài toán thực tế (tính thể tích bể nước, thùng hàng...)."
Toán,9. Diện tích và thể tích hình khối,55,Luyện tập chung,- Củng cố kĩ năng tính diện tích và thể tích hình khối.
Toán,"10. Số đo thời gian, vận tốc...",56,Các đơn vị đo thời gian,"- Chuyển đổi các đơn vị đo thời gian (năm, tháng, tuần, ngày, giờ, phút, giây)."
Toán,"10. Số đo thời gian, vận tốc...",57,"Cộng, trừ số đo thời gian","- Thực hiện phép cộng, trừ số đo thời gian (có nhớ)."
Toán,"10. Số đo thời gian, vận tốc...",58,"Nhân, chia số đo thời gian","- Thực hiện phép nhân, chia số đo thời gian với một số tự nhiên."
Toán,"10. Số đo thời gian, vận tốc...",59,Vận tốc,- Hiểu khái niệm vận tốc.
Toán,"10. Số đo thời gian, vận tốc...",59,Vận tốc,- Tính vận tốc khi biết quãng đường và thời gian ($v = s : t$).
Toán,"10. Số đo thời gian, vận tốc...",60,Quãng đường,- Tính quãng đường khi biết vận tốc và thời gian ($s = v \times t$).
Toán,"10. Số đo thời gian, vận tốc...",61,Thời gian,- Tính thời gian khi biết quãng đường và vận tốc ($t = s : v$).
Toán,"10. Số đo thời gian, vận tốc...",62,Luyện tập chung,"- Giải các bài toán chuyển động đều (cùng chiều, ngược chiều)."
Toán,11. Một số yếu tố thống kê...,63,"Thu thập, phân loại, sắp xếp các số liệu","- Biết thu thập, kiểm đếm và phân loại dữ liệu thống kê đơn giản."
Toán,11. Một số yếu tố thống kê...,64,Biểu đồ hình quạt tròn,- Đọc và hiểu thông tin trên biểu đồ hình quạt tròn.
Toán,11. Một số yếu tố thống kê...,64,Biểu đồ hình quạt tròn,- Tính toán số liệu dựa trên tỉ lệ phần trăm của biểu đồ.
Toán,11. Một số yếu tố thống kê...,65,Tỉ số của số lần lặp lại một sự kiện...,- Làm quen với xác suất thực nghiệm đơn giản (tỉ số giữa số lần xuất hiện và tổng số lần thử).
Toán,11. Một số yếu tố thống kê...,66,Thực hành và trải nghiệm,- Thực hành thu thập số liệu và biểu diễn bằng biểu đồ.
Toán,11. Một số yếu tố thống kê...,67,Luyện tập chung,- Tổng hợp kiến thức về thống kê và xác suất.
Toán,12. Ôn tập cuối năm,68,"Ôn tập số tự nhiên, phân số, số thập phân",- Hệ thống hoá kiến thức số học cả năm.
Toán,12. Ôn tập cuối năm,69,Ôn tập các phép tính...,- Rèn kĩ năng tính toán 4 phép tính với các loại số.
Toán,12. Ôn tập cuối năm,70,Ôn tập tỉ số. Tỉ số phần trăm,- Củng cố giải toán về tỉ số và phần trăm.
Toán,12. Ôn tập cuối năm,71,Ôn tập hình học,"- Ôn tập chu vi, diện tích, thể tích các hình đã học."
Toán,12. Ôn tập cuối năm,72,Ôn tập đo lường,- Ôn tập hệ thống đơn vị đo lường.
Toán,12. Ôn tập cuối năm,73,Ôn tập toán chuyển động đều,- Luyện giải bài toán chuyển động.
Toán,12. Ôn tập cuối năm,74,Ôn tập một số yếu tố thống kê và xác suất,- Củng cố kĩ năng đọc biểu đồ và xử lý số liệu.
Toán,12. Ôn tập cuối năm,75,Ôn tập chung,- Đánh giá năng lực tổng hợp cuối cấp Tiểu học.
TV,Thế giới tuổi thơ,1,Thanh âm của gió,"- Đọc trôi chảy, hiểu nội dung bài đọc về vẻ đẹp thiên nhiên."
TV,Thế giới tuổi thơ,1,Thanh âm của gió,"- Luyện từ và câu (LTVC): Nhận biết được danh từ, động từ, tính từ."
TV,Thế giới tuổi thơ,1,Thanh âm của gió,- Viết: Tìm hiểu cách viết bài văn tả phong cảnh.
TV,Thế giới tuổi thơ,2,Cánh đồng hoa,- Hiểu ý nghĩa bài đọc: Tình yêu thiên nhiên và ký ức tuổi thơ.
TV,Thế giới tuổi thơ,2,Cánh đồng hoa,- LTVC: Biết cách sử dụng đại từ (đại từ xưng hô).
TV,Thế giới tuổi thơ,2,Cánh đồng hoa,- Viết: Quan sát và lập dàn ý cho bài văn tả phong cảnh.
TV,Thế giới tuổi thơ,3,Tuổi Ngựa,"- Đọc diễn cảm bài thơ; hiểu khát vọng đi xa, khám phá của bạn nhỏ."
TV,Thế giới tuổi thơ,3,Tuổi Ngựa,"- LTVC: Quy tắc viết tên người, tên địa lí nước ngoài."
TV,Thế giới tuổi thơ,3,Tuổi Ngựa,- Viết: Viết được đoạn văn tả một cảnh đẹp thiên nhiên.
TV,Thế giới tuổi thơ,4,Bến sông tuổi thơ,- Cảm nhận được vẻ đẹp bình dị của quê hương qua bài đọc.
TV,Thế giới tuổi thơ,4,Bến sông tuổi thơ,- LTVC: Mở rộng vốn từ về Tuổi thơ; Sử dụng đại từ để thay thế.
TV,Thế giới tuổi thơ,4,Bến sông tuổi thơ,- Nói và nghe: Kể lại được một câu chuyện về tuổi thơ.
TV,Thế giới tuổi thơ,5,Tiếng hạt nảy mầm,- Hiểu thông điệp: Sự sống bắt đầu từ những điều nhỏ bé.
TV,Thế giới tuổi thơ,5,Tiếng hạt nảy mầm,- LTVC: Nhận biết và sử dụng từ đồng nghĩa.
TV,Thế giới tuổi thơ,5,Tiếng hạt nảy mầm,- Viết: Viết bài văn tả phong cảnh (hoàn chỉnh).
TV,Thế giới tuổi thơ,6,Ngôi sao sân cỏ,- Hiểu nội dung: Niềm đam mê thể thao và tinh thần đồng đội.
TV,Thế giới tuổi thơ,6,Ngôi sao sân cỏ,- LTVC: Luyện tập về từ đồng nghĩa.
TV,Thế giới tuổi thơ,6,Ngôi sao sân cỏ,- Viết: Tìm hiểu cách viết báo cáo công việc.
TV,Thế giới tuổi thơ,7,Bộ sưu tập độc đáo,- Đọc hiểu văn bản thông tin; biết cách tìm kiếm thông tin trong bài.
TV,Thế giới tuổi thơ,7,Bộ sưu tập độc đáo,- LTVC: Mở rộng vốn từ về Bạn bè và Trường học.
TV,Thế giới tuổi thơ,7,Bộ sưu tập độc đáo,- Viết: Luyện tập viết báo cáo công việc.
TV,Thế giới tuổi thơ,8,Hành tinh kì lạ,- Đọc văn bản khoa học viễn tưởng; phát triển trí tưởng tượng.
TV,Thế giới tuổi thơ,8,Hành tinh kì lạ,- LTVC: Luyện tập về đại từ và kết từ.
TV,Thế giới tuổi thơ,8,Hành tinh kì lạ,- Nói và nghe: Trao đổi về một cuốn sách hoặc bộ phim đã xem.
TV,Thiên nhiên kì thú,9,Trước cổng trời,- Cảm nhận vẻ đẹp hùng vĩ của thiên nhiên vùng cao.
TV,Thiên nhiên kì thú,9,Trước cổng trời,- LTVC: Nhận biết và sử dụng từ đa nghĩa.
TV,Thiên nhiên kì thú,9,Trước cổng trời,- Viết: Tìm hiểu cách viết bài văn tả người.
TV,Thiên nhiên kì thú,10,Kì diệu rừng xanh,- Hiểu vẻ đẹp và sự phong phú của rừng xanh.
TV,Thiên nhiên kì thú,10,Kì diệu rừng xanh,- LTVC: Luyện tập về từ đa nghĩa.
TV,Thiên nhiên kì thú,10,Kì diệu rừng xanh,- Viết: Quan sát và tìm ý cho bài văn tả người.
TV,Thiên nhiên kì thú,11,Hang Sơn Đoòng – những điều kì thú,- Đọc văn bản thông tin về danh lam thắng cảnh; tự hào về thiên nhiên VN.
TV,Thiên nhiên kì thú,11,Hang Sơn Đoòng – những điều kì thú,- LTVC: Mở rộng vốn từ về Thiên nhiên.
TV,Thiên nhiên kì thú,11,Hang Sơn Đoòng – những điều kì thú,- Nói và nghe: Giới thiệu một cảnh đẹp thiên nhiên.
TV,Thiên nhiên kì thú,12,Những hòn đảo trên vịnh Hạ Long,- Hiểu vẻ đẹp độc đáo của Vịnh Hạ Long.
TV,Thiên nhiên kì thú,12,Những hòn đảo trên vịnh Hạ Long,- LTVC: Từ đồng âm (nhận biết và phân biệt với từ đa nghĩa).
TV,Thiên nhiên kì thú,12,Những hòn đảo trên vịnh Hạ Long,- Viết: Luyện tập viết đoạn văn tả ngoại hình của người.
TV,Thiên nhiên kì thú,13,Mầm non,- Cảm nhận sức sống tiềm tàng của thiên nhiên qua bài thơ.
TV,Thiên nhiên kì thú,13,Mầm non,- LTVC: Luyện tập về từ đồng âm.
TV,Thiên nhiên kì thú,13,Mầm non,"- Viết: Luyện tập viết đoạn văn tả tính cách, hoạt động của người."
TV,Thiên nhiên kì thú,14,Những hồ nước đẹp nhất thế giới,- Mở rộng hiểu biết về địa lí thế giới qua bài đọc.
TV,Thiên nhiên kì thú,14,Những hồ nước đẹp nhất thế giới,- LTVC: Mở rộng vốn từ về Bảo vệ môi trường.
TV,Thiên nhiên kì thú,14,Những hồ nước đẹp nhất thế giới,- Viết: Viết bài văn tả người (hoàn chỉnh).
TV,Thiên nhiên kì thú,15,Buổi sáng ở Hòn Gai,- Cảm nhận nhịp sống sôi động và vẻ đẹp của vùng biển.
TV,Thiên nhiên kì thú,15,Buổi sáng ở Hòn Gai,"- LTVC: Ôn tập về từ loại (danh, động, tính từ)."
TV,Thiên nhiên kì thú,15,Buổi sáng ở Hòn Gai,- Nói và nghe: Tranh luận/Bày tỏ ý kiến về việc bảo vệ môi trường.
TV,Thiên nhiên kì thú,16,Cảnh đẹp non sông,"- Tổng hợp kiến thức qua các câu ca dao, tục ngữ về quê hương."
TV,Thiên nhiên kì thú,16,Cảnh đẹp non sông,- Đánh giá kĩ năng Đọc - Hiểu và LTVC giữa kì 1.
TV,Trên con đường học tập,17,Thư gửi các học sinh,- Hiểu bức thư lịch sử của Bác Hồ: Nhiệm vụ và trách nhiệm của học sinh.
TV,Trên con đường học tập,17,Thư gửi các học sinh,- LTVC: Kết từ (quan hệ từ) - Nhận biết và sử dụng.
TV,Trên con đường học tập,17,Thư gửi các học sinh,"- Viết: Tìm hiểu cách viết đoạn văn thể hiện tình cảm, cảm xúc."
TV,Trên con đường học tập,18,Tấm gương tự học,- Hiểu giá trị của tinh thần tự học qua các tấm gương danh nhân.
TV,Trên con đường học tập,18,Tấm gương tự học,- LTVC: Luyện tập sử dụng kết từ.
TV,Trên con đường học tập,18,Tấm gương tự học,"- Viết: Viết đoạn văn thể hiện tình cảm, cảm xúc về một sự việc/câu chuyện."
TV,Trên con đường học tập,19,Trải nghiệm để sáng tạo,- Nhận thức được vai trò của trải nghiệm thực tế đối với sự sáng tạo.
TV,Trên con đường học tập,19,Trải nghiệm để sáng tạo,- LTVC: Mở rộng vốn từ về Học tập.
TV,Trên con đường học tập,19,Trải nghiệm để sáng tạo,- Nói và nghe: Kể chuyện về một tấm gương hiếu học/sáng tạo.
TV,Trên con đường học tập,20,"""Vua tàu thủy"" Bạch Thái Bưởi","- Khâm phục ý chí, nghị lực kinh doanh và tinh thần dân tộc."
TV,Trên con đường học tập,20,"""Vua tàu thủy"" Bạch Thái Bưởi",- LTVC: Dấu gạch ngang (công dụng và cách dùng).
TV,Trên con đường học tập,20,"""Vua tàu thủy"" Bạch Thái Bưởi","- Viết: Viết đoạn văn thể hiện tình cảm, cảm xúc về một bài thơ/câu chuyện."
TV,Trên con đường học tập,21,Bức họa đồng quê,- Cảm nhận vẻ đẹp yên bình của làng quê qua hội họa và văn chương.
TV,Trên con đường học tập,21,Bức họa đồng quê,"- LTVC: Câu ghép (nhận biết câu đơn, câu ghép)."
TV,Trên con đường học tập,21,Bức họa đồng quê,- Viết: Tìm hiểu cách viết đoạn văn nêu ý kiến (nghị luận đơn giản).
TV,Trên con đường học tập,22,Mùa vừng,- Hiểu giá trị của lao động và tình yêu thiên nhiên.
TV,Trên con đường học tập,22,Mùa vừng,- LTVC: Cách nối các vế câu ghép bằng kết từ.
TV,Trên con đường học tập,22,Mùa vừng,- Viết: Viết đoạn văn nêu ý kiến về một hiện tượng xã hội/học tập.
TV,Trên con đường học tập,23,Kể chuyện: Chiếc đồng hồ,"- Rút ra bài học về tính kỉ luật, đoàn kết và trách nhiệm."
TV,Trên con đường học tập,23,Kể chuyện: Chiếc đồng hồ,"- Nói và nghe: Kể lại câu chuyện đã nghe, đã đọc."
TV,Trên con đường học tập,24,Tiếng đàn ba-la-lai-ca trên sông Đà,- Cảm nhận vẻ đẹp kì vĩ của công trình thủy điện và sức mạnh con người.
TV,Trên con đường học tập,24,Tiếng đàn ba-la-lai-ca trên sông Đà,- LTVC: Ôn tập về câu ghép.
TV,Trên con đường học tập,24,Tiếng đàn ba-la-lai-ca trên sông Đà,- Viết: Ôn tập viết đoạn văn nêu ý kiến.
TV,Nghệ thuật muôn màu,25,Trí tưởng tượng phong phú,- Hiểu vai trò của trí tưởng tượng trong nghệ thuật và đời sống.
TV,Nghệ thuật muôn màu,25,Trí tưởng tượng phong phú,- LTVC: Mở rộng vốn từ về Nghệ thuật.
TV,Nghệ thuật muôn màu,25,Trí tưởng tượng phong phú,- Viết: Tìm hiểu cách viết bài văn miêu tả (sáng tạo).
TV,Nghệ thuật muôn màu,26,Tiếng hát của người đá,- Cảm nhận sức mạnh cảm hóa của nghệ thuật.
TV,Nghệ thuật muôn màu,26,Tiếng hát của người đá,"- LTVC: Biện pháp tu từ so sánh, nhân hóa (ôn tập nâng cao)."
TV,Nghệ thuật muôn màu,26,Tiếng hát của người đá,- Viết: Luyện tập viết bài văn miêu tả (kết hợp tưởng tượng).
TV,Nghệ thuật muôn màu,27,Tranh làng Hồ,- Hiểu và trân trọng giá trị văn hóa dân gian (tranh Đông Hồ).
TV,Nghệ thuật muôn màu,27,Tranh làng Hồ,- LTVC: Mở rộng vốn từ về Lễ hội - Văn hóa.
TV,Nghệ thuật muôn màu,27,Tranh làng Hồ,- Nói và nghe: Giới thiệu một sản phẩm nghệ thuật hoặc làng nghề.
TV,Nghệ thuật muôn màu,28,Hộp quà màu thiên thanh,"- Ôn tập và kiểm tra đánh giá cuối học kì 1 (Đọc, Viết, LTVC)."
TV,Vẻ đẹp cuộc sống,1,Tiếng hát của người đá (tiếp),- (Tiếp tục mạch bài học cuối kì 1 nếu có).
TV,Vẻ đẹp cuộc sống,1,Tiếng hát của người đá (tiếp),- Mở đầu học kì 2 với các bài đọc về giá trị nhân văn.
TV,Vẻ đẹp cuộc sống,2,Khúc hát ru những em bé lớn trên lưng mẹ,- Đọc diễn cảm; Cảm nhận tình yêu con và tình yêu đất nước của người mẹ Tà-ôi.
TV,Vẻ đẹp cuộc sống,2,Khúc hát ru những em bé lớn trên lưng mẹ,"- LTVC: Nối các vế câu ghép bằng cặp kết từ (nguyên nhân-kết quả, giả thiết-kết quả)."
TV,Vẻ đẹp cuộc sống,2,Khúc hát ru những em bé lớn trên lưng mẹ,- Viết: Viết chương trình hoạt động.
TV,Vẻ đẹp cuộc sống,3,Hạt gạo làng ta,- Hiểu giá trị của hạt gạo và công sức lao động của người nông dân.
TV,Vẻ đẹp cuộc sống,3,Hạt gạo làng ta,- LTVC: Nối các vế câu ghép bằng cặp từ hô ứng.
TV,Vẻ đẹp cuộc sống,3,Hạt gạo làng ta,- Viết: Luyện tập viết chương trình hoạt động.
TV,Vẻ đẹp cuộc sống,4,Hộp quà màu thiên thanh,"- Bài đọc về tình yêu thương, sự sẻ chia trong cuộc sống."
TV,Vẻ đẹp cuộc sống,4,Hộp quà màu thiên thanh,- LTVC: Mở rộng vốn từ về Hạnh phúc.
TV,Vẻ đẹp cuộc sống,4,Hộp quà màu thiên thanh,- Nói và nghe: Kể chuyện về lòng nhân ái/việc tốt.
TV,Vẻ đẹp cuộc sống,5,Giỏ hoa tháng Năm,- Cảm nhận vẻ đẹp tinh tế của thiên nhiên và tình cảm con người.
TV,Vẻ đẹp cuộc sống,5,Giỏ hoa tháng Năm,- LTVC: Liên kết câu (phép lặp từ ngữ).
TV,Vẻ đẹp cuộc sống,5,Giỏ hoa tháng Năm,- Viết: Tìm hiểu cách viết bài văn kể chuyện sáng tạo.
TV,Vẻ đẹp cuộc sống,6,Thư của bố,- Hiểu tình cảm gia đình sâu sắc qua bức thư.
TV,Vẻ đẹp cuộc sống,6,Thư của bố,- LTVC: Liên kết câu (phép thay thế từ ngữ).
TV,Vẻ đẹp cuộc sống,6,Thư của bố,- Viết: Luyện tập viết bài văn kể chuyện sáng tạo (đóng vai nhân vật).
TV,Vẻ đẹp cuộc sống,7,Đoàn thuyền đánh cá,- Cảm nhận vẻ đẹp tráng lệ của biển cả và khí thế lao động hăng say.
TV,Vẻ đẹp cuộc sống,7,Đoàn thuyền đánh cá,- LTVC: Mở rộng vốn từ về Công dân.
TV,Vẻ đẹp cuộc sống,7,Đoàn thuyền đánh cá,- Viết: Viết bài văn kể chuyện sáng tạo (thay đổi kết thúc chuyện).
TV,Vẻ đẹp cuộc sống,8,Khu rừng của Mát,- Giáo dục ý thức bảo vệ rừng và môi trường sống.
TV,Vẻ đẹp cuộc sống,8,Khu rừng của Mát,- LTVC: Ôn tập về liên kết câu.
TV,Vẻ đẹp cuộc sống,8,Khu rừng của Mát,- Nói và nghe: Thảo luận về một vấn đề xã hội (bảo vệ môi trường).
TV,Hương sắc trăm miền,9,Hội thổi cơm thi ở Đồng Văn,- Hiểu nét đẹp văn hóa truyền thống qua các lễ hội.
TV,Hương sắc trăm miền,9,Hội thổi cơm thi ở Đồng Văn,- LTVC: Dấu ngoặc kép (công dụng và cách dùng).
TV,Hương sắc trăm miền,9,Hội thổi cơm thi ở Đồng Văn,- Viết: Tìm hiểu cách viết bài văn tả cảnh (ôn tập và nâng cao).
TV,Hương sắc trăm miền,10,Những búp chè trên cây cổ thụ,- Tìm hiểu về đặc sản vùng miền (chè Shan Tuyết).
TV,Hương sắc trăm miền,10,Những búp chè trên cây cổ thụ,- LTVC: Dấu ngoặc đơn (công dụng và cách dùng).
TV,Hương sắc trăm miền,10,Những búp chè trên cây cổ thụ,"- Viết: Quan sát, lập dàn ý bài văn tả cảnh sinh hoạt/lễ hội."
TV,Hương sắc trăm miền,11,Hương cốm mùa thu,- Cảm nhận hương vị đặc trưng của mùa thu Hà Nội.
TV,Hương sắc trăm miền,11,Hương cốm mùa thu,- LTVC: Mở rộng vốn từ về Truyền thống dân tộc.
TV,Hương sắc trăm miền,11,Hương cốm mùa thu,- Nói và nghe: Giới thiệu về một món ăn/đặc sản quê hương.
TV,Hương sắc trăm miền,12,Vũ điệu trên nền thổ cẩm,- Khám phá vẻ đẹp văn hóa của các dân tộc thiểu số.
TV,Hương sắc trăm miền,12,Vũ điệu trên nền thổ cẩm,"- LTVC: Biện pháp điệp từ, điệp ngữ."
TV,Hương sắc trăm miền,12,Vũ điệu trên nền thổ cẩm,- Viết: Viết bài văn tả cảnh sinh hoạt (hoàn chỉnh).
TV,Hương sắc trăm miền,13,Đàn t'rưng - tiếng ca đại ngàn,- Hiểu về âm nhạc và nhạc cụ truyền thống Tây Nguyên.
TV,Hương sắc trăm miền,13,Đàn t'rưng - tiếng ca đại ngàn,- LTVC: Ôn tập về dấu câu.
TV,Hương sắc trăm miền,13,Đàn t'rưng - tiếng ca đại ngàn,- Viết: Tìm hiểu cách viết đoạn văn giới thiệu nhân vật trong sách/phim.
TV,Hương sắc trăm miền,14,Đường quê Đồng Tháp Mười,- Cảm nhận vẻ đẹp sông nước miền Tây.
TV,Hương sắc trăm miền,14,Đường quê Đồng Tháp Mười,- LTVC: Mở rộng vốn từ về Du lịch - Thám hiểm.
TV,Hương sắc trăm miền,14,Đường quê Đồng Tháp Mười,- Viết: Viết đoạn văn giới thiệu nhân vật.
TV,Hương sắc trăm miền,15,Xuồng ba lá quê tôi,- Hiểu vai trò của phương tiện giao thông đặc trưng vùng sông nước.
TV,Hương sắc trăm miền,15,Xuồng ba lá quê tôi,- LTVC: Tổng kết vốn từ.
TV,Hương sắc trăm miền,15,Xuồng ba lá quê tôi,- Nói và nghe: Giới thiệu một danh lam thắng cảnh.
TV,Hương sắc trăm miền,16,Về thăm Đất Mũi,"- Bài đọc tổng kết chủ điểm, khơi dậy tình yêu tổ quốc."
TV,Hương sắc trăm miền,16,Về thăm Đất Mũi,"- Kiểm tra, đánh giá giữa học kì 2."
TV,Tiếp bước cha ông,17,Nghìn năm văn hiến,"- Tự hào về truyền thống khoa bảng, hiếu học của dân tộc."
TV,Tiếp bước cha ông,17,Nghìn năm văn hiến,"- LTVC: Ôn tập về câu (cấu tạo, phân loại)."
TV,Tiếp bước cha ông,17,Nghìn năm văn hiến,- Viết: Viết bài văn kể lại một câu chuyện lịch sử.
TV,Tiếp bước cha ông,18,Người thầy của muôn đời,- Kính trọng các bậc danh sư (Chu Văn An).
TV,Tiếp bước cha ông,18,Người thầy của muôn đời,- LTVC: Ôn tập về từ loại.
TV,Tiếp bước cha ông,18,Người thầy của muôn đời,- Viết: Luyện tập viết bài văn kể chuyện lịch sử.
TV,Tiếp bước cha ông,19,Danh y Tuệ Tĩnh,- Hiểu về y đức và tài năng của danh y Việt Nam.
TV,Tiếp bước cha ông,19,Danh y Tuệ Tĩnh,- LTVC: Mở rộng vốn từ về Y đức - Sức khỏe.
TV,Tiếp bước cha ông,19,Danh y Tuệ Tĩnh,- Nói và nghe: Kể chuyện về một danh nhân lịch sử.
TV,Tiếp bước cha ông,20,Cụ Đồ Chiểu,- Tấm gương về nghị lực và lòng yêu nước của Nguyễn Đình Chiểu.
TV,Tiếp bước cha ông,20,Cụ Đồ Chiểu,- LTVC: Ôn tập các biện pháp tu từ.
TV,Tiếp bước cha ông,20,Cụ Đồ Chiểu,- Viết: Viết đoạn văn nêu cảm nghĩ về một nhân vật lịch sử.
TV,Tiếp bước cha ông,21,Anh hùng Lao động Trần Đại Nghĩa,"- Tấm gương trí thức yêu nước, cống hiến cho khoa học kĩ thuật."
TV,Tiếp bước cha ông,21,Anh hùng Lao động Trần Đại Nghĩa,- LTVC: Ôn tập tổng hợp.
TV,Tiếp bước cha ông,21,Anh hùng Lao động Trần Đại Nghĩa,- Viết: Viết đoạn văn nêu cảm nghĩ (hoàn chỉnh).
TV,Tiếp bước cha ông,22,Bộ đội về làng,- Tình quân dân thắm thiết trong kháng chiến.
TV,Tiếp bước cha ông,22,Bộ đội về làng,- LTVC: Ôn tập tổng hợp.
TV,Tiếp bước cha ông,22,Bộ đội về làng,"- Viết: Lập dàn ý cho bài văn tả người (người thân, người có ảnh hưởng)."
TV,Tiếp bước cha ông,23,Về ngôi nhà đang xây,"- Hình ảnh đất nước đang đổi mới, phát triển."
TV,Tiếp bước cha ông,23,Về ngôi nhà đang xây,- Viết: Viết bài văn tả người (hoàn chỉnh).
TV,Tiếp bước cha ông,24,Việt Nam quê hương ta,- Bài thơ tổng kết về vẻ đẹp đất nước và con người VN.
TV,Tiếp bước cha ông,24,Việt Nam quê hương ta,- Ôn tập kĩ năng đọc hiểu văn bản thơ.
TV,Thế giới của chúng ta,25,Bài ca trái đất,"- Giáo dục tinh thần đoàn kết quốc tế, yêu chuộng hòa bình."
TV,Thế giới của chúng ta,25,Bài ca trái đất,- LTVC: Mở rộng vốn từ về Hòa bình - Hữu nghị.
TV,Thế giới của chúng ta,25,Bài ca trái đất,- Viết: Tìm hiểu cách viết thư (thư điện tử/thư giấy).
TV,Thế giới của chúng ta,26,Những con hạc giấy,- Câu chuyện cảm động về nạn nhân chiến tranh và khát vọng hòa bình.
TV,Thế giới của chúng ta,26,Những con hạc giấy,- LTVC: Ôn tập quy tắc viết tên riêng nước ngoài.
TV,Thế giới của chúng ta,26,Những con hạc giấy,- Viết: Luyện tập viết thư thăm hỏi/làm quen.
TV,Thế giới của chúng ta,27,Một người hùng thầm lặng,- Ca ngợi những đóng góp thầm lặng cho cộng đồng.
TV,Thế giới của chúng ta,27,Một người hùng thầm lặng,- LTVC: Tổng kết về Luyện từ và câu.
TV,Thế giới của chúng ta,27,Một người hùng thầm lặng,- Nói và nghe: Kể chuyện về một tấm gương người tốt việc tốt.
TV,Thế giới của chúng ta,28,Giờ Trái Đất,"- Nâng cao ý thức tiết kiệm năng lượng, bảo vệ trái đất."
TV,Thế giới của chúng ta,28,Giờ Trái Đất,- Viết: Viết bài văn tả cây cối (ôn tập cuối cấp).
TV,Thế giới của chúng ta,29,Điện thoại di động,- Tìm hiểu về công nghệ và văn hóa sử dụng điện thoại.
TV,Thế giới của chúng ta,29,Điện thoại di động,- Viết: Viết bài văn tả con vật (ôn tập cuối cấp).
TV,Thế giới của chúng ta,30,Thành phố thông minh,- Hình dung về tương lai và sự phát triển của công nghệ.
TV,Thế giới của chúng ta,30,Thành phố thông minh,- Viết: Luyện tập viết các loại văn bản đã học.
TV,Thế giới của chúng ta,30,Thành phố thông minh,- Ôn tập và Kiểm tra cuối năm học.
Công nghệ,Phần 1: Công nghệ và đời sống,1,Vai trò của công nghệ,"- Nêu được vai trò của công nghệ đối với đời sống con người (trong sinh hoạt, đi lại, thông tin liên lạc...)."
Công nghệ,Phần 1: Công nghệ và đời sống,1,Vai trò của công nghệ,"- Nêu được vai trò của công nghệ đối với sản xuất (nông nghiệp, công nghiệp...)."
Công nghệ,Phần 1: Công nghệ và đời sống,1,Vai trò của công nghệ,- Có ý thức sử dụng công nghệ đúng mục đích.
Công nghệ,Phần 1: Công nghệ và đời sống,2,Nhà sáng chế,- Nêu được vai trò của sáng chế đối với sự phát triển công nghệ.
Công nghệ,Phần 1: Công nghệ và đời sống,2,Nhà sáng chế,"- Kể tên được một số nhà sáng chế tiêu biểu trong nước và thế giới (Edison, Nobel, Trần Đại Nghĩa...)."
Công nghệ,Phần 1: Công nghệ và đời sống,2,Nhà sáng chế,"- Nêu được một số đức tính cần có của nhà sáng chế (tò mò, kiên trì, sáng tạo)."
Công nghệ,Phần 1: Công nghệ và đời sống,3,Tìm hiểu thiết kế,"- Trình bày được ý nghĩa của thiết kế kĩ thuật (giải quyết vấn đề, tạo ra sản phẩm mới)."
Công nghệ,Phần 1: Công nghệ và đời sống,3,Tìm hiểu thiết kế,- Mô tả được các bước chính trong thiết kế (Hình thành ý tưởng -> Vẽ phác thảo -> Làm mẫu -> Kiểm tra).
Công nghệ,Phần 1: Công nghệ và đời sống,4,Thiết kế sản phẩm,"- Phát hiện được nhu cầu cần thiết kế sản phẩm đơn giản trong đời sống (ví dụ: hộp đựng bút, đèn lồng, đồ chơi...)."
Công nghệ,Phần 1: Công nghệ và đời sống,4,Thiết kế sản phẩm,- Vẽ phác thảo được ý tưởng thiết kế sản phẩm.
Công nghệ,Phần 1: Công nghệ và đời sống,4,Thiết kế sản phẩm,- Làm được mô hình sản phẩm đơn giản từ vật liệu tái chế hoặc vật liệu thông dụng.
Công nghệ,Phần 1: Công nghệ và đời sống,4,Thiết kế sản phẩm,- Giới thiệu được sản phẩm thiết kế của mình.
Công nghệ,Phần 1: Công nghệ và đời sống,5,Sử dụng điện thoại,"- Nêu được tác dụng của điện thoại (liên lạc, giải trí, tìm kiếm thông tin...)."
Công nghệ,Phần 1: Công nghệ và đời sống,5,Sử dụng điện thoại,- Nhận biết được các biểu tượng cơ bản trên điện thoại.
Công nghệ,Phần 1: Công nghệ và đời sống,5,Sử dụng điện thoại,"- Thực hiện được cuộc gọi và nhắn tin an toàn, đúng cách."
Công nghệ,Phần 1: Công nghệ và đời sống,5,Sử dụng điện thoại,"- Có thói quen sử dụng điện thoại văn minh, tiết kiệm, đảm bảo sức khoẻ."
Công nghệ,Phần 1: Công nghệ và đời sống (Tiếp),6,Sử dụng tủ lạnh,- Nêu được tác dụng của tủ lạnh trong gia đình (bảo quản thực phẩm).
Công nghệ,Phần 1: Công nghệ và đời sống (Tiếp),6,Sử dụng tủ lạnh,- Nhận biết được các ngăn của tủ lạnh và vị trí sắp xếp thực phẩm phù hợp.
Công nghệ,Phần 1: Công nghệ và đời sống (Tiếp),6,Sử dụng tủ lạnh,"- Thực hiện được một số việc làm để sử dụng tủ lạnh đúng cách, an toàn và tiết kiệm điện (không mở cửa quá lâu, vệ sinh tủ...)."
Công nghệ,Phần 2: Thủ công kĩ thuật,7,Lắp ráp mô hình xe điện chạy bằng pin,"- Kể tên và nhận diện được các chi tiết, dụng cụ trong bộ lắp ghép mô hình kĩ thuật."
Công nghệ,Phần 2: Thủ công kĩ thuật,7,Lắp ráp mô hình xe điện chạy bằng pin,- Lắp ráp được mô hình xe điện chạy bằng pin theo quy trình/hướng dẫn.
Công nghệ,Phần 2: Thủ công kĩ thuật,7,Lắp ráp mô hình xe điện chạy bằng pin,- Kiểm tra và vận hành được mô hình xe chạy ổn định.
Công nghệ,Phần 2: Thủ công kĩ thuật,7,Lắp ráp mô hình xe điện chạy bằng pin,"- Rèn luyện tính cẩn thận, kiên trì và an toàn trong lao động."
Công nghệ,Phần 2: Thủ công kĩ thuật,8,Mô hình máy phát điện gió,- Hiểu sơ lược về nguyên lí hoạt động của máy phát điện gió (năng lượng gió).
Công nghệ,Phần 2: Thủ công kĩ thuật,8,Mô hình máy phát điện gió,- Lựa chọn đúng và đủ các chi tiết để lắp ghép.
Công nghệ,Phần 2: Thủ công kĩ thuật,8,Mô hình máy phát điện gió,- Lắp ráp được mô hình máy phát điện gió đúng kĩ thuật.
Công nghệ,Phần 2: Thủ công kĩ thuật,8,Mô hình máy phát điện gió,"- Có ý thức tìm hiểu về năng lượng sạch, năng lượng tái tạo."
Công nghệ,Phần 2: Thủ công kĩ thuật,9,Mô hình điện mặt trời,- Hiểu sơ lược về lợi ích của điện mặt trời (biến đổi ánh sáng thành điện năng).
Công nghệ,Phần 2: Thủ công kĩ thuật,9,Mô hình điện mặt trời,"- Lắp ráp được mô hình điện mặt trời (ví dụ: xe chạy bằng pin mặt trời, quạt dùng pin mặt trời...) từ bộ lắp ghép."
Công nghệ,Phần 2: Thủ công kĩ thuật,9,Mô hình điện mặt trời,- Vận hành thử nghiệm mô hình dưới ánh sáng.
Công nghệ,Phần 2: Thủ công kĩ thuật,9,Mô hình điện mặt trời,- Hình thành ý thức bảo vệ môi trường và sử dụng năng lượng xanh.
Tin học CKP,Chủ đề A: Máy tính và em,Bài 1,Phần cứng và phần mềm,- Nhận biết và phân biệt được phần cứng (hardware) và phần mềm (software).
Tin học CKP,Chủ đề A: Máy tính và em,Bài 1,Phần cứng và phần mềm,- Nêu được mối quan hệ phụ thuộc lẫn nhau giữa phần cứng và phần mềm (phần cứng cần phần mềm để hoạt động và ngược lại).
Tin học CKP,Chủ đề A: Máy tính và em,Bài 1,Phần cứng và phần mềm,- Kể tên được một số thiết bị phần cứng và phần mềm thông dụng.
Tin học CKP,Chủ đề A: Máy tính và em,Bài 2,Hệ điều hành,- Biết hệ điều hành là một phần mềm hệ thống quan trọng.
Tin học CKP,Chủ đề A: Máy tính và em,Bài 2,Hệ điều hành,"- Nêu được chức năng cơ bản của hệ điều hành (quản lí phần cứng, phần mềm, giao diện người dùng)."
Tin học CKP,Chủ đề A: Máy tính và em,Bài 2,Hệ điều hành,- Nhận diện được giao diện của một số hệ điều hành phổ biến (Windows).
Tin học CKP,Chủ đề B: Mạng máy tính và Internet,Bài 3,Tìm kiếm thông tin trên Internet,- Xác định được từ khóa (keyword) phù hợp với nội dung cần tìm.
Tin học CKP,Chủ đề B: Mạng máy tính và Internet,Bài 3,Tìm kiếm thông tin trên Internet,"- Sử dụng được máy tìm kiếm (Google) để tìm thông tin dưới dạng văn bản, hình ảnh, video."
Tin học CKP,Chủ đề B: Mạng máy tính và Internet,Bài 3,Tìm kiếm thông tin trên Internet,- Biết cách đánh giá sơ bộ kết quả tìm kiếm.
Tin học CKP,Chủ đề B: Mạng máy tính và Internet,Bài 4,Thực hành: Tìm kiếm thông tin,- Thực hành thành thạo việc tìm kiếm thông tin theo chủ đề cho trước.
Tin học CKP,Chủ đề B: Mạng máy tính và Internet,Bài 4,Thực hành: Tìm kiếm thông tin,"- Biết lưu trữ kết quả tìm kiếm (tải ảnh, copy văn bản) về máy tính phục vụ học tập."
Tin học CKP,Chủ đề C: Tổ chức lưu trữ...,Bài 5,Cấu trúc cây thư mục,- Nhận biết cấu trúc cây thư mục (Folder tree) trong máy tính.
Tin học CKP,Chủ đề C: Tổ chức lưu trữ...,Bài 5,Cấu trúc cây thư mục,"- Giải thích được vai trò của cây thư mục trong việc tổ chức, lưu trữ thông tin khoa học."
Tin học CKP,Chủ đề C: Tổ chức lưu trữ...,Bài 5,Cấu trúc cây thư mục,"- Phân biệt được thư mục gốc, thư mục mẹ, thư mục con."
Tin học CKP,Chủ đề C: Tổ chức lưu trữ...,Bài 6,Thao tác với tệp và thư mục,"- Thực hiện được các thao tác: Tạo mới, Đổi tên, Sao chép, Di chuyển, Xóa tệp và thư mục."
Tin học CKP,Chủ đề C: Tổ chức lưu trữ...,Bài 6,Thao tác với tệp và thư mục,- Biết sử dụng công cụ quản lí tệp (File Explorer) để sắp xếp dữ liệu cá nhân gọn gàng.
Tin học CKP,Chủ đề C: Tổ chức lưu trữ...,Bài 7,Tìm kiếm tệp và thư mục,- Sử dụng được công cụ tìm kiếm có sẵn trên hệ điều hành (Search box) để tìm tệp/thư mục khi quên vị trí lưu trữ.
Tin học CKP,Chủ đề C: Tổ chức lưu trữ...,Bài 7,Tìm kiếm tệp và thư mục,- Biết tìm kiếm theo tên hoặc phần mở rộng của tệp.
Tin học CKP,Chủ đề C: Tổ chức lưu trữ...,Bài 8,Làm quen với thư điện tử (Email),- Biết thư điện tử là phương tiện trao đổi thông tin qua mạng.
Tin học CKP,Chủ đề C: Tổ chức lưu trữ...,Bài 8,Làm quen với thư điện tử (Email),- Nhận biết cấu trúc của một địa chỉ email.
Tin học CKP,Chủ đề C: Tổ chức lưu trữ...,Bài 8,Làm quen với thư điện tử (Email),"- Biết cách đăng nhập, soạn và gửi một bức thư điện tử đơn giản."
Tin học CKP,Chủ đề E: Ứng dụng tin học,Bài 9,Tạo bài trình chiếu đa phương tiện,"- Biết cách chèn được tệp âm thanh, video vào trang chiếu để bài thuyết trình sinh động hơn."
Tin học CKP,Chủ đề E: Ứng dụng tin học,Bài 9,Tạo bài trình chiếu đa phương tiện,"- Biết sử dụng các công cụ cơ bản để điều chỉnh vị trí, kích thước của khung hình video/biểu tượng âm thanh."
Tin học CKP,Chủ đề E: Ứng dụng tin học,Bài 10,Hoàn thiện bài trình chiếu,"- Biết đánh số trang, thêm đầu trang (Header) và chân trang (Footer) vào bài trình chiếu."
Tin học CKP,Chủ đề E: Ứng dụng tin học,Bài 10,Hoàn thiện bài trình chiếu,"- Biết rà soát, chỉnh sửa và hoàn thiện sản phẩm trình chiếu có tích hợp văn bản, hình ảnh, âm thanh/video."
Tin học CKP,Chủ đề F: Giải quyết vấn đề với sự trợ giúp của máy tính,Bài 11,Làm quen với biến và biểu thức,"- Hiểu được khái niệm ""Biến"" (là đại lượng có thể thay đổi giá trị trong quá trình thực hiện chương trình)."
Tin học CKP,Chủ đề F: Giải quyết vấn đề với sự trợ giúp của máy tính,Bài 11,Làm quen với biến và biểu thức,- Biết cách tạo biến mới trong môi trường lập trình trực quan (như Scratch).
Tin học CKP,Chủ đề F: Giải quyết vấn đề với sự trợ giúp của máy tính,Bài 11,Làm quen với biến và biểu thức,"- Sử dụng được các phép toán (cộng, trừ, nhân, chia) với các biến số."
Tin học CKP,Chủ đề F: Giải quyết vấn đề với sự trợ giúp của máy tính,Bài 12,Cấu trúc rẽ nhánh,- Nhận biết và phân biệt được cấu trúc tuần tự và cấu trúc rẽ nhánh.
Tin học CKP,Chủ đề F: Giải quyết vấn đề với sự trợ giúp của máy tính,Bài 12,Cấu trúc rẽ nhánh,"- Sử dụng được câu lệnh điều kiện (Nếu... thì... / Nếu... thì... không thì...) để giải quyết các bài toán đơn giản (ví dụ: So sánh hai số, Kiểm tra mật khẩu...)."
Tin học CKP,Chủ đề F: Giải quyết vấn đề với sự trợ giúp của máy tính,Bài 13,Cấu trúc lặp,- Hiểu được ý nghĩa của cấu trúc lặp trong thực tế và trong lập trình.
Tin học CKP,Chủ đề F: Giải quyết vấn đề với sự trợ giúp của máy tính,Bài 13,Cấu trúc lặp,"- Sử dụng được các câu lệnh lặp (Lặp lại n lần, Lặp liên tục, Lặp cho đến khi...) để vẽ hình hoặc điều khiển nhân vật chuyển động."
Tin học CKP,Chủ đề F: Giải quyết vấn đề với sự trợ giúp của máy tính,Bài 14,Thực hành: Giải quyết vấn đề,"- Vận dụng tổng hợp kiến thức về Biến, Cấu trúc rẽ nhánh, Cấu trúc lặp để giải quyết một bài toán cụ thể."
Tin học CKP,Chủ đề F: Giải quyết vấn đề với sự trợ giúp của máy tính,Bài 14,Thực hành: Giải quyết vấn đề,- Rèn luyện tư duy logic và kĩ năng gỡ lỗi (debug) chương trình đơn giản.
Tin học CKP,Chủ đề F: Giải quyết vấn đề với sự trợ giúp của máy tính,Bài 15,Dự án: Em làm nhà lập trình nhỏ,"- Hợp tác nhóm để lên ý tưởng và xây dựng một sản phẩm phần mềm hoàn chỉnh (trò chơi nhỏ, câu chuyện tương tác, phần mềm trắc nghiệm...)."
Tin học CKP,Chủ đề F: Giải quyết vấn đề với sự trợ giúp của máy tính,Bài 15,Dự án: Em làm nhà lập trình nhỏ,"- Trình bày, giới thiệu sản phẩm trước lớp."
Tin học CKP,Tổng kết,-,Ôn tập cuối năm,- Hệ thống hóa toàn bộ kiến thức của năm học.
Tin học CKP,Tổng kết,-,Ôn tập cuối năm,- Thực hành tổng hợp trên máy tính.
